"Date","Price","Open","High","Low","Change %"
"Jul 26, 2021","10.1293","10.0696","10.1624","10.0583","0.58%"
"Jul 25, 2021","10.0705","10.0723","10.0879","10.0655","0.10%"
"Jul 23, 2021","10.0603","10.0766","10.0976","10.0091","-0.07%"
"Jul 22, 2021","10.0676","10.0697","10.1386","10.0288","-0.23%"
"Jul 21, 2021","10.0912","10.0996","10.1454","10.0459","0.05%"
"Jul 20, 2021","10.0862","10.1334","10.1587","10.0078","-0.25%"
"Jul 19, 2021","10.1111","10.0648","10.1587","10.0155","0.59%"
"Jul 16, 2021","10.0518","10.1242","10.1440","10.0089","-0.60%"
"Jul 15, 2021","10.1123","10.1701","10.1823","10.0860","-0.45%"
"Jul 14, 2021","10.1577","10.1573","10.1992","10.1218","0.13%"
"Jul 13, 2021","10.1447","10.2499","10.2619","10.1272","-0.93%"
"Jul 12, 2021","10.2395","10.2820","10.3003","10.2117","-0.25%"
"Jul 09, 2021","10.2655","10.2980","10.3110","10.2305","-0.24%"
"Jul 08, 2021","10.2899","10.2468","10.3204","10.2228","0.51%"
"Jul 07, 2021","10.2379","10.2773","10.2922","10.2172","-0.29%"
"Jul 06, 2021","10.2678","10.2880","10.3125","10.2266","-0.07%"
"Jul 05, 2021","10.2753","10.3080","10.3364","10.2576","-0.21%"
"Jul 02, 2021","10.2970","10.2662","10.3301","10.2332","0.48%"
"Jul 01, 2021","10.2480","10.3277","10.3441","10.2348","-0.68%"
"Jun 30, 2021","10.3182","10.3958","10.4190","10.2581","-0.64%"
"Jun 29, 2021","10.3842","10.3547","10.4259","10.3079","0.29%"
"Jun 28, 2021","10.3538","10.4643","10.4734","10.3427","-0.83%"
"Jun 25, 2021","10.4405","10.3914","10.5084","10.3332","0.58%"
"Jun 24, 2021","10.3801","10.3079","10.4152","10.2873","0.84%"
"Jun 23, 2021","10.2940","10.3318","10.3642","10.2383","-0.25%"
"Jun 22, 2021","10.3197","10.4509","10.4835","10.2912","-1.17%"
"Jun 21, 2021","10.4415","10.3748","10.4748","10.3420","0.90%"
"Jun 18, 2021","10.3487","10.3836","10.4040","10.2873","-0.20%"
"Jun 17, 2021","10.3692","10.3251","10.4180","10.2575","0.50%"
"Jun 16, 2021","10.3174","10.3775","10.4194","10.2552","-0.44%"
"Jun 15, 2021","10.3631","10.2635","10.4265","10.2302","1.11%"
"Jun 14, 2021","10.2494","10.1564","10.2868","10.0358","1.01%"
"Jun 11, 2021","10.1470","10.2556","10.3020","10.0681","-0.99%"
"Jun 10, 2021","10.2486","10.4609","10.4698","10.2359","-1.90%"
"Jun 09, 2021","10.4471","10.4749","10.5077","10.4338","-0.17%"
"Jun 08, 2021","10.4645","10.4986","10.5294","10.4257","0.12%"
"Jun 07, 2021","10.4515","10.5473","10.5681","10.4390","-0.75%"
"Jun 04, 2021","10.5304","10.5552","10.6057","10.4868","-0.06%"
"Jun 03, 2021","10.5364","10.4916","10.6038","10.4604","0.55%"
"Jun 02, 2021","10.4785","10.4270","10.7324","10.4132","0.60%"
"Jun 01, 2021","10.4161","10.3800","10.4621","10.3453","0.47%"
"May 31, 2021","10.3678","10.4334","10.4762","10.3126","-0.51%"
"May 28, 2021","10.4214","10.3646","10.4803","10.2926","0.75%"
"May 27, 2021","10.3438","10.3099","10.4221","10.2593","0.42%"
"May 26, 2021","10.3007","10.3692","10.3813","10.2904","-0.55%"
"May 25, 2021","10.3572","10.2455","10.3979","10.2252","1.22%"
"May 24, 2021","10.2319","10.2502","10.2835","10.1926","-0.06%"
"May 21, 2021","10.2384","10.2474","10.2815","10.1765","0.05%"
"May 20, 2021","10.2332","10.2403","10.2658","10.1610","0.05%"
"May 19, 2021","10.2285","10.2126","10.3080","10.1992","0.30%"
"May 18, 2021","10.1978","10.1033","10.2308","10.0864","1.01%"
"May 17, 2021","10.0959","10.2672","10.2903","10.0739","-1.48%"
"May 14, 2021","10.2477","10.2711","10.3074","10.1685","-0.14%"
"May 13, 2021","10.2620","10.1772","10.2920","10.1533","1.00%"
"May 12, 2021","10.1602","10.0686","10.2201","10.0256","0.99%"
"May 11, 2021","10.0610","10.0421","10.1349","10.0236","0.35%"
"May 10, 2021","10.0264","10.0170","10.0801","9.9944","0.12%"
"May 07, 2021","10.0145","9.9941","10.0733","9.9340","0.40%"
"May 06, 2021","9.9744","9.9852","10.0636","9.9560","-0.05%"
"May 05, 2021","9.9792","10.0070","10.0653","9.9684","-0.16%"
"May 04, 2021","9.9952","9.9546","10.0364","9.9309","0.50%"
"May 03, 2021","9.9456","9.9635","10.0300","9.9404","0.03%"
"Apr 30, 2021","9.9431","9.9646","10.0458","9.9058","-0.07%"
"Apr 29, 2021","9.9503","9.9433","10.0358","9.8418","0.16%"
"Apr 28, 2021","9.9342","9.9359","9.9726","9.8350","0.24%"
"Apr 27, 2021","9.9102","10.0075","10.0388","9.8691","-0.84%"
"Apr 26, 2021","9.9944","10.1560","10.2818","9.9874","-1.38%"
"Apr 23, 2021","10.1344","10.0024","10.1926","9.9587","1.56%"
"Apr 22, 2021","9.9783","9.8561","10.0836","9.8356","1.38%"
"Apr 21, 2021","9.8421","9.7696","9.8706","9.7393","0.91%"
"Apr 20, 2021","9.7530","9.7444","9.8168","9.7237","0.23%"
"Apr 19, 2021","9.7302","9.6735","9.7690","9.6053","0.79%"
"Apr 16, 2021","9.6543","9.5982","9.7193","9.5847","0.79%"
"Apr 15, 2021","9.5783","9.6785","9.7719","9.5725","-0.89%"
"Apr 14, 2021","9.6641","9.7013","9.7406","9.5968","-0.31%"
"Apr 13, 2021","9.6945","9.7164","9.7528","9.6456","-0.02%"
"Apr 12, 2021","9.6964","9.7186","9.7850","9.6501","-0.22%"
"Apr 09, 2021","9.7182","9.6988","9.7587","9.6459","0.37%"
"Apr 08, 2021","9.6822","9.6894","9.7381","9.6496","0.32%"
"Apr 07, 2021","9.6515","9.6695","9.7790","9.6478","0.01%"
"Apr 06, 2021","9.6503","9.5821","9.6920","9.5435","0.89%"
"Apr 05, 2021","9.5647","9.6081","9.7153","9.5170","-0.20%"
"Apr 02, 2021","9.5836","9.5654","9.6385","9.3896","0.44%"
"Apr 01, 2021","9.5420","9.6764","9.7273","9.5169","-1.31%"
"Mar 31, 2021","9.6684","9.7667","9.8569","9.6482","-0.93%"
"Mar 30, 2021","9.7592","9.6565","9.9352","9.6358","1.30%"
"Mar 29, 2021","9.6343","9.6011","9.6839","9.4313","0.43%"
"Mar 26, 2021","9.5928","9.3533","9.6252","9.3227","2.68%"
"Mar 25, 2021","9.3420","9.3731","9.4610","9.3034","-0.12%"
"Mar 24, 2021","9.3536","9.4147","9.5325","9.2652","-0.56%"
"Mar 23, 2021","9.4064","9.3093","9.4882","9.1300","1.11%"
"Mar 22, 2021","9.3033","8.5899","9.6928","8.5696","8.34%"
"Mar 19, 2021","8.5868","8.7289","8.7854","8.5639","-1.54%"
"Mar 18, 2021","8.7209","8.9887","9.0401","8.6927","-2.94%"
"Mar 17, 2021","8.9855","8.9243","9.0983","8.9010","0.80%"
"Mar 16, 2021","8.9139","8.9904","9.0105","8.9048","-0.78%"
"Mar 15, 2021","8.9837","9.0400","9.0901","8.9398","-0.56%"
"Mar 12, 2021","9.0340","8.9612","9.0888","8.9466","1.03%"
"Mar 11, 2021","8.9415","8.9481","9.0298","8.8701","0.01%"
"Mar 10, 2021","8.9406","9.0638","9.1079","8.9256","-1.28%"
"Mar 09, 2021","9.0563","9.2072","9.2261","9.0255","-1.58%"
"Mar 08, 2021","9.2018","8.9878","9.2285","8.9347","2.48%"
"Mar 05, 2021","8.9792","8.9807","9.0401","8.9080","0.07%"
"Mar 04, 2021","8.9732","9.0012","9.0779","8.9106","-0.23%"
"Mar 03, 2021","8.9940","8.8896","9.0562","8.8072","1.26%"
"Mar 02, 2021","8.8820","8.7848","8.9382","8.7555","1.32%"
"Mar 01, 2021","8.7665","8.9691","8.9789","8.6964","-2.18%"
"Feb 26, 2021","8.9620","8.9362","9.0927","8.8651","0.35%"
"Feb 25, 2021","8.9305","8.7204","9.0805","8.7065","2.50%"
"Feb 24, 2021","8.7131","8.6344","8.7996","8.5915","0.98%"
"Feb 23, 2021","8.6282","8.5328","8.6456","8.5201","1.21%"
"Feb 22, 2021","8.5253","8.4379","8.6080","8.4288","1.11%"
"Feb 19, 2021","8.4319","8.4247","8.4831","8.4179","0.25%"
"Feb 18, 2021","8.4112","8.3949","8.4622","8.3507","0.27%"
"Feb 17, 2021","8.3882","8.4636","8.5264","8.3758","-0.81%"
"Feb 16, 2021","8.4569","8.4456","8.5017","8.3799","0.21%"
"Feb 15, 2021","8.4391","8.5301","8.5339","8.4199","-0.96%"
"Feb 12, 2021","8.5213","8.5219","8.5491","8.4774","0.04%"
"Feb 11, 2021","8.5181","8.5576","8.5766","8.5072","-0.32%"
"Feb 10, 2021","8.5452","8.5619","8.5971","8.5238","-0.08%"
"Feb 09, 2021","8.5523","8.5198","8.6229","8.5177","0.45%"
"Feb 08, 2021","8.5144","8.4942","8.5706","8.4524","0.31%"
"Feb 05, 2021","8.4882","8.5392","8.5564","8.4528","-0.52%"
"Feb 04, 2021","8.5329","8.6191","8.6328","8.5068","-0.92%"
"Feb 03, 2021","8.6120","8.6673","8.6804","8.5690","-0.55%"
"Feb 02, 2021","8.6595","8.6757","8.6877","8.5574","-0.10%"
"Feb 01, 2021","8.6684","8.8803","8.8847","8.6334","-2.29%"
"Jan 29, 2021","8.8713","8.8979","8.9435","8.8197","-0.18%"
"Jan 28, 2021","8.8876","8.9576","8.9944","8.8888","-0.71%"
"Jan 27, 2021","8.9515","8.9351","8.9862","8.9052","0.26%"
"Jan 26, 2021","8.9283","8.9930","9.0219","8.9032","-0.64%"
"Jan 25, 2021","8.9862","9.0220","9.0468","8.9565","-0.34%"
"Jan 22, 2021","9.0165","8.9630","9.0530","8.9588","0.68%"
"Jan 21, 2021","8.9556","8.9850","9.0186","8.9200","-0.24%"
"Jan 20, 2021","8.9774","9.0649","9.0830","8.9385","-0.88%"
"Jan 19, 2021","9.0570","9.0365","9.0777","8.9826","0.31%"
"Jan 18, 2021","9.0290","9.0339","9.1166","9.0016","0.03%"
"Jan 15, 2021","9.0263","8.9601","9.1037","8.9235","0.75%"
"Jan 14, 2021","8.9589","9.0044","9.0656","8.9109","-0.33%"
"Jan 13, 2021","8.9882","9.0996","9.1339","8.9829","-1.13%"
"Jan 12, 2021","9.0905","9.0874","9.1417","9.0257","0.12%"
"Jan 11, 2021","9.0793","9.0115","9.1496","8.9643","0.81%"
"Jan 08, 2021","9.0063","8.9836","9.0724","8.9568","0.34%"
"Jan 07, 2021","8.9754","9.0066","9.0772","8.8779","-0.31%"
"Jan 06, 2021","9.0030","9.0875","9.1098","8.9295","-0.86%"
"Jan 05, 2021","9.0813","9.0932","9.1293","9.0395","-0.07%"
"Jan 04, 2021","9.0878","9.0989","9.1257","8.9916","0.02%"
"Jan 01, 2021","9.0862","9.0862","9.0862","9.0862","0.10%"
"Dec 31, 2020","9.0767","9.0788","9.2115","9.0331","0.07%"
"Dec 30, 2020","9.0705","9.0470","9.0935","8.9521","0.34%"
"Dec 29, 2020","9.0401","9.0975","9.1566","8.9887","-0.59%"
"Dec 28, 2020","9.0936","9.2217","9.2582","9.0410","-1.27%"
"Dec 25, 2020","9.2104","9.2374","9.2745","9.1672","-0.21%"
"Dec 24, 2020","9.2298","9.3130","9.3709","9.2009","-0.80%"
"Dec 23, 2020","9.3046","9.3193","9.3474","9.2829","-0.08%"
"Dec 22, 2020","9.3117","9.3716","9.3861","9.2863","-0.55%"
"Dec 21, 2020","9.3633","9.3393","9.4263","9.3030","0.22%"
"Dec 18, 2020","9.3431","9.4474","9.5092","9.3126","-1.02%"
"Dec 17, 2020","9.4398","9.5140","9.5502","9.4229","-0.71%"
"Dec 16, 2020","9.5074","9.5211","9.5565","9.4391","-0.07%"
"Dec 15, 2020","9.5142","9.5366","9.5757","9.4967","-0.17%"
"Dec 14, 2020","9.5302","9.5365","9.6471","9.5081","0.16%"
"Dec 11, 2020","9.5146","9.5742","9.7405","9.4710","-0.59%"
"Dec 10, 2020","9.5709","9.4565","9.6062","9.4401","1.37%"
"Dec 09, 2020","9.4412","9.4591","9.5230","9.4309","-0.04%"
"Dec 08, 2020","9.4454","9.4468","9.5215","9.4320","0.06%"
"Dec 07, 2020","9.4402","9.4608","9.5479","9.4408","-0.12%"
"Dec 04, 2020","9.4513","9.4426","9.5429","9.4271","0.22%"
"Dec 03, 2020","9.4301","9.5137","9.6077","9.4159","-0.83%"
"Dec 02, 2020","9.5089","9.4494","9.5360","9.3893","0.68%"
"Dec 01, 2020","9.4445","9.3425","9.4842","9.3221","1.14%"
"Nov 30, 2020","9.3377","9.3689","9.4167","9.2780","-0.35%"
"Nov 27, 2020","9.3701","9.3757","9.4143","9.2521","-0.04%"
"Nov 26, 2020","9.3737","9.4495","9.5164","9.3375","-0.77%"
"Nov 25, 2020","9.4467","9.5159","9.5456","9.4125","-0.66%"
"Nov 24, 2020","9.5091","9.3364","9.5641","9.2774","1.91%"
"Nov 23, 2020","9.3311","9.0508","9.4671","9.0508","3.14%"
"Nov 20, 2020","9.0466","8.9689","9.1448","8.9316","0.91%"
"Nov 19, 2020","8.9649","9.1343","9.1756","8.8740","-1.82%"
"Nov 18, 2020","9.1308","9.1348","9.2495","9.1012","0.03%"
"Nov 17, 2020","9.1285","9.1256","9.2658","9.0889","0.05%"
"Nov 16, 2020","9.1240","9.0640","9.2010","8.9950","0.67%"
"Nov 13, 2020","9.0635","9.0779","9.1635","8.9723","-0.11%"
"Nov 12, 2020","9.0736","9.1856","9.2943","9.0353","-1.18%"
"Nov 11, 2020","9.1821","9.6217","9.7029","9.1628","-4.57%"
"Nov 10, 2020","9.6220","9.5276","9.9150","9.5226","1.03%"
"Nov 09, 2020","9.5238","10.1290","10.1383","9.4906","-5.88%"
"Nov 06, 2020","10.1187","9.9577","10.2015","9.9214","1.61%"
"Nov 05, 2020","9.9587","9.8825","10.0259","9.8750","0.83%"
"Nov 04, 2020","9.8767","9.8448","9.9536","9.7859","0.38%"
"Nov 03, 2020","9.8391","9.8048","10.0052","9.7976","0.41%"
"Nov 02, 2020","9.7988","9.7307","9.8394","9.7137","0.82%"
"Oct 30, 2020","9.7192","9.6810","9.7993","9.6572","0.47%"
"Oct 29, 2020","9.6739","9.6993","9.7768","9.6468","-0.23%"
"Oct 28, 2020","9.6966","9.6574","9.7754","9.6397","0.43%"
"Oct 27, 2020","9.6547","9.5469","9.6940","9.5448","1.21%"
"Oct 26, 2020","9.5397","9.4459","9.5704","9.4332","1.05%"
"Oct 23, 2020","9.4409","9.3785","9.4616","9.3365","0.73%"
"Oct 22, 2020","9.3722","9.2652","9.4466","9.1997","1.22%"
"Oct 21, 2020","9.2588","9.2989","9.3399","9.2498","-0.35%"
"Oct 20, 2020","9.2916","9.2787","9.3431","9.2647","0.22%"
"Oct 19, 2020","9.2713","9.3003","9.3236","9.2197","-0.24%"
"Oct 16, 2020","9.2939","9.2903","9.3407","9.2415","0.11%"
"Oct 15, 2020","9.2840","9.2941","9.3297","9.2690","-0.06%"
"Oct 14, 2020","9.2892","9.2992","9.3423","9.2829","-0.04%"
"Oct 13, 2020","9.2929","9.3218","9.3355","9.2850","-0.27%"
"Oct 12, 2020","9.3180","9.2892","9.3497","9.2682","0.31%"
"Oct 09, 2020","9.2896","9.3420","9.3729","9.2631","-0.50%"
"Oct 08, 2020","9.3366","9.2740","9.3479","9.2655","0.74%"
"Oct 07, 2020","9.2678","9.1517","9.2980","9.1321","1.31%"
"Oct 06, 2020","9.1478","9.1475","9.2046","9.1222","0.06%"
"Oct 05, 2020","9.1419","9.1070","9.1663","9.0637","0.43%"
"Oct 02, 2020","9.1027","9.1082","9.1323","9.0318","-0.01%"
"Oct 01, 2020","9.1039","9.0463","9.1413","8.9553","0.69%"
"Sep 30, 2020","9.0413","9.1825","9.2018","9.0209","-1.46%"
"Sep 29, 2020","9.1751","9.1048","9.2278","9.0690","0.82%"
"Sep 28, 2020","9.1005","8.9202","9.1488","8.8940","2.14%"
"Sep 25, 2020","8.9094","8.9021","8.9407","8.7464","0.17%"
"Sep 24, 2020","8.8946","8.9794","9.0161","8.7800","-0.88%"
"Sep 23, 2020","8.9736","8.9756","9.0093","8.9279","0.05%"
"Sep 22, 2020","8.9690","8.9841","9.0063","8.9225","-0.12%"
"Sep 21, 2020","8.9796","8.9584","9.0009","8.9299","0.39%"
"Sep 18, 2020","8.9444","8.9461","8.9984","8.9182","0.05%"
"Sep 17, 2020","8.9402","8.8708","8.9557","8.7952","0.83%"
"Sep 16, 2020","8.8669","8.8804","8.9073","8.8373","0.00%"
"Sep 15, 2020","8.8665","8.8870","8.9210","8.8414","-0.10%"
"Sep 14, 2020","8.8753","8.8539","8.9125","8.8384","0.27%"
"Sep 11, 2020","8.8511","8.8015","8.8745","8.7934","0.60%"
"Sep 10, 2020","8.7984","8.8365","8.8818","8.7910","-0.38%"
"Sep 09, 2020","8.8320","8.8180","8.8648","8.7778","0.25%"
"Sep 08, 2020","8.8097","8.8110","8.8475","8.7826","0.01%"
"Sep 07, 2020","8.8086","8.7994","8.8378","8.7789","0.11%"
"Sep 04, 2020","8.7988","8.8123","8.8367","8.7389","-0.10%"
"Sep 03, 2020","8.8080","8.7541","8.8312","8.6969","0.66%"
"Sep 02, 2020","8.7501","8.7785","8.7930","8.7070","-0.25%"
"Sep 01, 2020","8.7720","8.7737","8.8483","8.7570","0.04%"
"Aug 31, 2020","8.7689","8.7278","8.8145","8.6953","0.46%"
"Aug 28, 2020","8.7284","8.7030","8.7549","8.6621","0.34%"
"Aug 27, 2020","8.6987","8.7197","8.7426","8.6197","-0.17%"
"Aug 26, 2020","8.7135","8.7496","8.7830","8.6286","-0.32%"
"Aug 25, 2020","8.7413","8.6975","8.7666","8.6814","0.53%"
"Aug 24, 2020","8.6950","8.6501","8.7425","8.6074","0.48%"
"Aug 21, 2020","8.6534","8.6552","8.7256","8.4635","0.04%"
"Aug 20, 2020","8.6497","8.6336","8.7199","8.5995","0.24%"
"Aug 19, 2020","8.6290","8.7975","8.8240","8.5632","-1.85%"
"Aug 18, 2020","8.7919","8.7648","8.8258","8.7508","0.39%"
"Aug 17, 2020","8.7578","8.7324","8.7909","8.7110","0.40%"
"Aug 14, 2020","8.7226","8.6703","8.7539","8.6279","0.67%"
"Aug 13, 2020","8.6646","8.6410","8.7197","8.5979","0.35%"
"Aug 12, 2020","8.6341","8.4871","8.6560","8.4279","2.12%"
"Aug 11, 2020","8.4550","8.6094","8.6440","8.4454","-1.75%"
"Aug 10, 2020","8.6059","8.5983","8.6824","8.4980","0.15%"
"Aug 07, 2020","8.5933","8.5981","8.7264","8.4004","0.00%"
"Aug 06, 2020","8.5930","8.3605","8.6770","8.3399","2.85%"
"Aug 05, 2020","8.3547","8.1443","8.4205","8.1392","2.65%"
"Aug 04, 2020","8.1389","8.1859","8.2208","8.1171","-0.51%"
"Aug 03, 2020","8.1807","8.2157","8.2401","8.1682","-0.34%"
"Jul 31, 2020","8.2088","8.2869","8.3094","8.2050","-0.89%"
"Jul 30, 2020","8.2824","8.2316","8.2997","8.1596","0.60%"
"Jul 29, 2020","8.2327","8.1271","8.2587","8.1187","1.36%"
"Jul 28, 2020","8.1219","8.0645","8.1878","8.0365","0.76%"
"Jul 27, 2020","8.0606","7.9759","8.1854","7.9655","1.05%"
"Jul 24, 2020","7.9767","7.9368","7.9868","7.9209","0.60%"
"Jul 23, 2020","7.9290","7.9255","7.9615","7.8930","0.06%"
"Jul 22, 2020","7.9241","7.8664","7.9500","7.8593","0.81%"
"Jul 21, 2020","7.8607","7.8522","7.8810","7.8168","0.25%"
"Jul 20, 2020","7.8414","7.8335","7.8685","7.8151","0.09%"
"Jul 17, 2020","7.8340","7.8062","7.8646","7.7945","0.41%"
"Jul 16, 2020","7.8017","7.8232","7.8476","7.7947","-0.22%"
"Jul 15, 2020","7.8192","7.8235","7.8636","7.8133","-0.02%"
"Jul 14, 2020","7.8206","7.7808","7.8375","7.7695","0.58%"
"Jul 13, 2020","7.7756","7.7576","7.8073","7.7518","0.30%"
"Jul 10, 2020","7.7525","7.7424","7.7786","7.7150","0.17%"
"Jul 09, 2020","7.7394","7.7730","7.8033","7.7326","-0.36%"
"Jul 08, 2020","7.7677","7.7327","7.7935","7.7181","0.54%"
"Jul 07, 2020","7.7261","7.7590","7.7772","7.7228","-0.36%"
"Jul 06, 2020","7.7543","7.7147","7.7877","7.7101","0.50%"
"Jul 03, 2020","7.7157","7.7006","7.7440","7.6804","0.27%"
"Jul 02, 2020","7.6953","7.7052","7.7495","7.6843","-0.05%"
"Jul 01, 2020","7.6994","7.6971","7.7291","7.6649","0.08%"
"Jun 30, 2020","7.6932","7.7058","7.7194","7.6649","-0.12%"
"Jun 29, 2020","7.7021","7.6950","7.7408","7.6849","0.23%"
"Jun 26, 2020","7.6843","7.6911","7.7073","7.6612","-0.05%"
"Jun 25, 2020","7.6880","7.7132","7.7203","7.6501","-0.29%"
"Jun 24, 2020","7.7100","7.7477","7.7680","7.7059","-0.41%"
"Jun 23, 2020","7.7414","7.7108","7.7815","7.6897","0.44%"
"Jun 22, 2020","7.7076","7.6651","7.7164","7.6427","0.69%"
"Jun 19, 2020","7.6547","7.6831","7.7193","7.6402","-0.30%"
"Jun 18, 2020","7.6777","7.6963","7.7264","7.6677","-0.19%"
"Jun 17, 2020","7.6922","7.7090","7.7270","7.6720","-0.15%"
"Jun 16, 2020","7.7035","7.7404","7.7628","7.6793","-0.43%"
"Jun 15, 2020","7.7367","7.6646","7.7603","7.6463","0.94%"
"Jun 12, 2020","7.6646","7.7301","7.7498","7.6544","-0.80%"
"Jun 11, 2020","7.7265","7.7076","7.7990","7.6764","0.34%"
"Jun 10, 2020","7.7000","7.7071","7.7513","7.6875","-0.02%"
"Jun 09, 2020","7.7016","7.6680","7.7295","7.6293","0.57%"
"Jun 08, 2020","7.6578","7.6427","7.6894","7.6248","0.30%"
"Jun 05, 2020","7.6348","7.6593","7.7002","7.6185","-0.25%"
"Jun 04, 2020","7.6538","7.5762","7.6848","7.5325","1.08%"
"Jun 03, 2020","7.5723","7.5015","7.6016","7.4765","1.00%"
"Jun 02, 2020","7.4972","7.5876","7.6164","7.4676","-1.12%"
"Jun 01, 2020","7.5821","7.5684","7.6055","7.5578","0.20%"
"May 29, 2020","7.5668","7.5479","7.6200","7.5421","0.32%"
"May 28, 2020","7.5425","7.4543","7.5633","7.4461","1.26%"
"May 27, 2020","7.4489","7.3888","7.4767","7.3748","0.89%"
"May 26, 2020","7.3835","7.4226","7.4489","7.3485","-0.49%"
"May 25, 2020","7.4200","7.4297","7.4413","7.3994","-0.04%"
"May 22, 2020","7.4230","7.4364","7.4530","7.3877","-0.02%"
"May 21, 2020","7.4244","7.4556","7.4897","7.4274","-0.35%"
"May 20, 2020","7.4503","7.4030","7.4735","7.3924","0.72%"
"May 19, 2020","7.3973","7.5136","7.5274","7.3965","-1.50%"
"May 18, 2020","7.5100","7.4644","7.5226","7.3833","0.65%"
"May 15, 2020","7.4615","7.4792","7.5084","7.4490","-0.17%"
"May 14, 2020","7.4742","7.5457","7.5585","7.4440","-0.87%"
"May 13, 2020","7.5396","7.5904","7.6033","7.5345","-0.64%"
"May 12, 2020","7.5885","7.6473","7.6507","7.5599","-0.73%"
"May 11, 2020","7.6444","7.6832","7.7126","7.6350","-0.42%"
"May 08, 2020","7.6769","7.7133","7.7838","7.6475","-0.42%"
"May 07, 2020","7.7093","7.7674","7.8467","7.6107","-0.75%"
"May 06, 2020","7.7675","7.6688","7.7909","7.6556","1.36%"
"May 05, 2020","7.6632","7.6838","7.7141","7.6421","-0.22%"
"May 04, 2020","7.6800","7.6996","7.7158","7.6474","-0.18%"
"May 01, 2020","7.6941","7.6543","7.7559","7.6361","0.58%"
"Apr 30, 2020","7.6498","7.5600","7.6723","7.5387","1.26%"
"Apr 29, 2020","7.5546","7.5597","7.6050","7.5360","-0.01%"
"Apr 28, 2020","7.5553","7.5656","7.6238","7.5542","-0.07%"
"Apr 27, 2020","7.5608","7.5430","7.5920","7.5156","0.22%"
"Apr 24, 2020","7.5441","7.4866","7.5616","7.4683","0.84%"
"Apr 23, 2020","7.4809","7.5534","7.5662","7.4706","-0.92%"
"Apr 22, 2020","7.5507","7.5795","7.6181","7.5440","-0.35%"
"Apr 21, 2020","7.5772","7.5384","7.6073","7.5180","0.57%"
"Apr 20, 2020","7.5341","7.5380","7.5715","7.4637","0.00%"
"Apr 17, 2020","7.5341","7.5205","7.5618","7.4008","0.23%"
"Apr 16, 2020","7.5170","7.5411","7.5610","7.4977","-0.23%"
"Apr 15, 2020","7.5343","7.4841","7.5777","7.4725","0.70%"
"Apr 14, 2020","7.4820","7.3917","7.4960","7.3826","1.31%"
"Apr 13, 2020","7.3854","7.3278","7.4475","7.3266","0.87%"
"Apr 10, 2020","7.3215","7.2954","7.3639","7.2750","0.42%"
"Apr 09, 2020","7.2912","7.3549","7.3734","7.2347","-0.79%"
"Apr 08, 2020","7.3490","7.3552","7.3898","7.3259","0.01%"
"Apr 07, 2020","7.3484","7.3193","7.3946","7.2733","0.46%"
"Apr 06, 2020","7.3147","7.2715","7.3386","7.2548","0.58%"
"Apr 03, 2020","7.2727","7.1829","7.3008","7.1746","1.28%"
"Apr 02, 2020","7.1808","7.3484","7.3664","7.1452","-2.22%"
"Apr 01, 2020","7.3441","7.2962","7.3630","7.2547","0.72%"
"Mar 31, 2020","7.2913","7.2663","7.3099","7.1746","0.40%"
"Mar 30, 2020","7.2622","7.1886","7.2839","7.1611","1.02%"
"Mar 27, 2020","7.1886","7.0572","7.1996","7.0485","1.94%"
"Mar 26, 2020","7.0515","6.9830","7.1062","6.9736","1.05%"
"Mar 25, 2020","6.9783","6.9268","7.0167","6.9011","0.79%"
"Mar 24, 2020","6.9234","7.0348","7.0944","6.8888","-1.53%"
"Mar 23, 2020","7.0308","7.0083","7.1390","6.9731","0.37%"
"Mar 20, 2020","7.0051","6.9967","7.0371","6.9482","0.21%"
"Mar 19, 2020","6.9903","7.0792","7.1307","6.9669","-1.19%"
"Mar 18, 2020","7.0747","7.0314","7.1327","6.9988","0.63%"
"Mar 17, 2020","7.0304","7.1920","7.2020","6.9991","-2.17%"
"Mar 16, 2020","7.1866","7.0234","7.2051","6.9883","2.23%"
"Mar 13, 2020","7.0296","7.0643","7.0890","6.9671","-0.43%"
"Mar 12, 2020","7.0601","6.9970","7.0928","6.9651","0.98%"
"Mar 11, 2020","6.9918","6.9460","7.0373","6.9375","0.80%"
"Mar 10, 2020","6.9365","7.0330","7.0638","6.9154","-1.34%"
"Mar 09, 2020","7.0310","6.8790","7.0918","6.8726","2.31%"
"Mar 06, 2020","6.8725","6.8682","6.9307","6.8261","0.22%"
"Mar 05, 2020","6.8574","6.7677","6.8850","6.7457","1.39%"
"Mar 04, 2020","6.7635","6.8228","6.8580","6.7519","-0.80%"
"Mar 03, 2020","6.8178","6.8741","6.9264","6.7470","-0.76%"
"Mar 02, 2020","6.8699","6.8689","6.9586","6.8451","-0.12%"
"Feb 28, 2020","6.8782","6.8292","6.9138","6.8125","0.78%"
"Feb 27, 2020","6.8249","6.6983","6.8337","6.6915","1.93%"
"Feb 26, 2020","6.6960","6.6853","6.7218","6.6722","0.24%"
"Feb 25, 2020","6.6798","6.6397","6.7002","6.5846","0.66%"
"Feb 24, 2020","6.6360","6.6114","6.6756","6.5949","0.45%"
"Feb 21, 2020","6.6062","6.5792","6.6391","6.5702","0.50%"
"Feb 20, 2020","6.5731","6.5725","6.6031","6.5584","0.07%"
"Feb 19, 2020","6.5683","6.5445","6.5799","6.5313","0.44%"
"Feb 18, 2020","6.5396","6.5498","6.5806","6.5403","-0.09%"
"Feb 17, 2020","6.5456","6.5580","6.5733","6.5389","-0.08%"
"Feb 14, 2020","6.5511","6.5485","6.5834","6.5363","0.12%"
"Feb 13, 2020","6.5432","6.5724","6.5972","6.5419","-0.33%"
"Feb 12, 2020","6.5650","6.5674","6.6080","6.5415","-0.00%"
"Feb 11, 2020","6.5651","6.5584","6.6081","6.5469","0.14%"
"Feb 10, 2020","6.5556","6.5874","6.5981","6.5430","-0.39%"
"Feb 07, 2020","6.5814","6.5760","6.6377","6.5482","0.14%"
"Feb 06, 2020","6.5724","6.5807","6.5939","6.5630","-0.04%"
"Feb 05, 2020","6.5750","6.6045","6.6159","6.5727","-0.40%"
"Feb 04, 2020","6.6011","6.6185","6.6248","6.5836","-0.22%"
"Feb 03, 2020","6.6154","6.6357","6.6386","6.6039","-0.29%"
"Jan 31, 2020","6.6349","6.5889","6.6411","6.5789","0.83%"
"Jan 30, 2020","6.5802","6.5591","6.6079","6.5551","0.40%"
"Jan 29, 2020","6.5542","6.5474","6.5733","6.5316","0.16%"
"Jan 28, 2020","6.5440","6.5491","6.5611","6.5287","-0.06%"
"Jan 27, 2020","6.5480","6.5455","6.5679","6.5417","0.04%"
"Jan 24, 2020","6.5456","6.5602","6.5700","6.5396","-0.13%"
"Jan 23, 2020","6.5544","6.5695","6.5840","6.5422","-0.14%"
"Jan 22, 2020","6.5638","6.5813","6.5905","6.5531","-0.20%"
"Jan 21, 2020","6.5772","6.5607","6.5975","6.5558","0.31%"
"Jan 20, 2020","6.5568","6.5341","6.5701","6.5243","0.40%"
"Jan 17, 2020","6.5306","6.5256","6.5582","6.5087","0.17%"
"Jan 16, 2020","6.5192","6.5521","6.5757","6.5103","-0.47%"
"Jan 15, 2020","6.5498","6.5461","6.5670","6.5377","0.13%"
"Jan 14, 2020","6.5416","6.5335","6.5778","6.5237","0.26%"
"Jan 13, 2020","6.5247","6.5392","6.5440","6.5017","-0.16%"
"Jan 10, 2020","6.5349","6.5235","6.5477","6.5040","0.27%"
"Jan 09, 2020","6.5171","6.5627","6.5905","6.5014","-0.59%"
"Jan 08, 2020","6.5560","6.6610","6.6844","6.5542","-1.54%"
"Jan 07, 2020","6.6583","6.6823","6.6871","6.6463","-0.30%"
"Jan 06, 2020","6.6783","6.6699","6.6982","6.6571","0.21%"
"Jan 03, 2020","6.6645","6.6547","6.6821","6.6424","0.19%"
"Jan 02, 2020","6.6519","6.6673","6.6822","6.6472","-0.20%"
"Jan 01, 2020","6.6650","6.6697","6.6755","6.6625","-0.04%"
"Dec 31, 2019","6.6676","6.6610","6.6898","6.6558","0.18%"
"Dec 30, 2019","6.6556","6.6489","6.6709","6.6433","0.11%"
"Dec 27, 2019","6.6482","6.5849","6.6670","6.5802","1.06%"
"Dec 26, 2019","6.5784","6.5825","6.5946","6.5755","-0.03%"
"Dec 25, 2019","6.5802","6.5944","6.5998","6.5733","-0.18%"
"Dec 24, 2019","6.5921","6.5954","6.6059","6.5739","-0.01%"
"Dec 23, 2019","6.5930","6.5821","6.6015","6.5567","0.21%"
"Dec 20, 2019","6.5791","6.6084","6.6130","6.5510","-0.36%"
"Dec 19, 2019","6.6031","6.5856","6.6202","6.5644","0.35%"
"Dec 18, 2019","6.5798","6.5628","6.5966","6.5485","0.34%"
"Dec 17, 2019","6.5577","6.5185","6.5714","6.5118","0.69%"
"Dec 16, 2019","6.5129","6.4599","6.5315","6.4570","0.87%"
"Dec 13, 2019","6.4570","6.4455","6.5005","6.4376","0.23%"
"Dec 12, 2019","6.4419","6.4637","6.4752","6.4069","-0.30%"
"Dec 11, 2019","6.4614","6.4397","6.4689","6.4204","0.39%"
"Dec 10, 2019","6.4364","6.4295","6.4451","6.4134","0.19%"
"Dec 09, 2019","6.4241","6.3845","6.4411","6.3815","0.60%"
"Dec 06, 2019","6.3861","6.3834","6.4075","6.3678","0.11%"
"Dec 05, 2019","6.3792","6.3713","6.4004","6.3566","0.21%"
"Dec 04, 2019","6.3658","6.3639","6.3899","6.3465","0.07%"
"Dec 03, 2019","6.3616","6.3603","6.3917","6.3407","0.04%"
"Dec 02, 2019","6.3589","6.3298","6.3707","6.3133","0.47%"
"Nov 29, 2019","6.3292","6.3385","6.3844","6.3074","-0.01%"
"Nov 28, 2019","6.3296","6.3540","6.3686","6.3310","-0.37%"
"Nov 27, 2019","6.3534","6.3474","6.3720","6.3271","0.13%"
"Nov 26, 2019","6.3452","6.3239","6.3577","6.3118","0.49%"
"Nov 25, 2019","6.3141","6.2980","6.3407","6.2832","0.29%"
"Nov 22, 2019","6.2960","6.2998","6.3311","6.2877","0.05%"
"Nov 21, 2019","6.2931","6.3113","6.3283","6.2948","-0.21%"
"Nov 20, 2019","6.3062","6.3134","6.3360","6.2847","-0.10%"
"Nov 19, 2019","6.3122","6.3513","6.3643","6.3066","-0.54%"
"Nov 18, 2019","6.3462","6.3498","6.3678","6.3215","-0.02%"
"Nov 15, 2019","6.3475","6.3356","6.3665","6.3264","0.26%"
"Nov 14, 2019","6.3311","6.3177","6.3671","6.3135","0.23%"
"Nov 13, 2019","6.3167","6.3604","6.3692","6.3057","-0.65%"
"Nov 12, 2019","6.3583","6.3694","6.3815","6.3435","-0.08%"
"Nov 11, 2019","6.3636","6.3562","6.3943","6.3477","0.17%"
"Nov 08, 2019","6.3528","6.3555","6.3699","6.3286","0.05%"
"Nov 07, 2019","6.3497","6.3644","6.3795","6.3316","-0.13%"
"Nov 06, 2019","6.3579","6.3717","6.3995","6.3574","-0.13%"
"Nov 05, 2019","6.3662","6.3861","6.4010","6.3579","-0.28%"
"Nov 04, 2019","6.3838","6.3705","6.3981","6.3372","0.33%"
"Nov 01, 2019","6.3628","6.3718","6.4042","6.3583","0.00%"
"Oct 31, 2019","6.3627","6.3583","6.3911","6.3527","0.11%"
"Oct 30, 2019","6.3555","6.3752","6.4180","6.3362","-0.22%"
"Oct 29, 2019","6.3697","6.3616","6.3996","6.3368","0.20%"
"Oct 28, 2019","6.3570","6.3997","6.4058","6.3365","-0.61%"
"Oct 25, 2019","6.3962","6.4012","6.4338","6.3804","-0.02%"
"Oct 24, 2019","6.3976","6.3838","6.4328","6.3739","0.29%"
"Oct 23, 2019","6.3788","6.4619","6.4776","6.3645","-1.23%"
"Oct 22, 2019","6.4585","6.5312","6.5397","6.4384","-1.04%"
"Oct 21, 2019","6.5265","6.4539","6.5413","6.4474","0.91%"
"Oct 18, 2019","6.4679","6.4858","6.4991","6.3906","-0.23%"
"Oct 17, 2019","6.4829","6.5181","6.6005","6.4682","-0.50%"
"Oct 16, 2019","6.5158","6.5275","6.5509","6.4844","0.00%"
"Oct 15, 2019","6.5158","6.5371","6.5465","6.4513","-0.30%"
"Oct 14, 2019","6.5353","6.4997","6.5531","6.4921","0.62%"
"Oct 11, 2019","6.4952","6.4236","6.5158","6.4012","1.21%"
"Oct 10, 2019","6.4175","6.4412","6.5114","6.4016","-0.31%"
"Oct 09, 2019","6.4375","6.3888","6.4545","6.3747","0.89%"
"Oct 08, 2019","6.3808","6.3991","6.4264","6.3494","-0.26%"
"Oct 07, 2019","6.3975","6.2524","6.4158","6.2499","2.34%"
"Oct 04, 2019","6.2511","6.2457","6.2707","6.2228","0.21%"
"Oct 03, 2019","6.2381","6.2488","6.2716","6.1975","-0.03%"
"Oct 02, 2019","6.2401","6.2568","6.2847","6.2311","-0.23%"
"Oct 01, 2019","6.2543","6.1573","6.2660","6.1450","1.61%"
"Sep 30, 2019","6.1551","6.2038","6.2126","6.1400","-0.75%"
"Sep 27, 2019","6.2016","6.1873","6.2224","6.1705","0.30%"
"Sep 26, 2019","6.1831","6.2050","6.2421","6.1691","-0.30%"
"Sep 25, 2019","6.2015","6.2785","6.2852","6.2002","-1.19%"
"Sep 24, 2019","6.2762","6.2854","6.2938","6.2294","-0.08%"
"Sep 23, 2019","6.2812","6.3274","6.3333","6.2679","-0.72%"
"Sep 20, 2019","6.3270","6.3144","6.3376","6.2695","0.30%"
"Sep 19, 2019","6.3083","6.2618","6.3261","6.2521","0.84%"
"Sep 18, 2019","6.2556","6.3134","6.3215","6.2484","-0.80%"
"Sep 17, 2019","6.3063","6.3030","6.3273","6.2783","0.09%"
"Sep 16, 2019","6.3007","6.2976","6.3607","6.2705","0.09%"
"Sep 13, 2019","6.2951","6.2576","6.3156","6.2516","0.75%"
"Sep 12, 2019","6.2485","6.3329","6.3594","6.1890","-1.21%"
"Sep 11, 2019","6.3253","6.3701","6.4011","6.3106","-0.64%"
"Sep 10, 2019","6.3663","6.3520","6.3944","6.3397","0.27%"
"Sep 09, 2019","6.3491","6.3025","6.3758","6.2818","0.76%"
"Sep 06, 2019","6.3014","6.2808","6.3295","6.2708","0.46%"
"Sep 05, 2019","6.2724","6.2533","6.3066","6.2234","0.33%"
"Sep 04, 2019","6.2519","6.2874","6.2948","6.2024","-0.53%"
"Sep 03, 2019","6.2851","6.3696","6.3784","6.2731","-1.26%"
"Sep 02, 2019","6.3651","6.4079","6.4240","6.3552","-0.64%"
"Aug 30, 2019","6.4061","6.4562","6.4624","6.3879","-0.76%"
"Aug 29, 2019","6.4550","6.4396","6.4840","6.4252","0.30%"
"Aug 28, 2019","6.4358","6.4630","6.4770","6.4129","-0.32%"
"Aug 27, 2019","6.4564","6.4677","6.5087","6.4342","-0.06%"
"Aug 26, 2019","6.4603","6.4197","6.5243","6.4188","0.66%"
"Aug 23, 2019","6.4177","6.3917","6.4360","6.3488","0.44%"
"Aug 22, 2019","6.3896","6.3364","6.4340","6.3302","0.98%"
"Aug 21, 2019","6.3277","6.3592","6.3735","6.3258","-0.44%"
"Aug 20, 2019","6.3558","6.2717","6.3756","6.2473","1.51%"
"Aug 19, 2019","6.2610","6.1877","6.2963","6.1652","1.23%"
"Aug 16, 2019","6.1849","6.1844","6.1993","6.1226","0.10%"
"Aug 15, 2019","6.1790","6.2521","6.2612","6.1699","-1.12%"
"Aug 14, 2019","6.2490","6.2141","6.2789","6.2083","0.65%"
"Aug 13, 2019","6.2086","6.2396","6.3264","6.1975","-0.38%"
"Aug 12, 2019","6.2325","6.1529","6.2474","6.1459","1.37%"
"Aug 09, 2019","6.1485","6.1246","6.1848","6.0964","0.57%"
"Aug 08, 2019","6.1139","6.1525","6.1809","6.0988","-0.56%"
"Aug 07, 2019","6.1483","6.1828","6.2064","6.1223","-0.50%"
"Aug 06, 2019","6.1793","6.2417","6.2919","6.1561","-0.97%"
"Aug 05, 2019","6.2401","6.1729","6.2624","6.1620","1.07%"
"Aug 02, 2019","6.1740","6.2119","6.2366","6.1579","-0.55%"
"Aug 01, 2019","6.2081","6.1873","6.2419","6.1378","0.37%"
"Jul 31, 2019","6.1853","6.2018","6.2281","6.1366","-0.18%"
"Jul 30, 2019","6.1964","6.2571","6.2684","6.1816","-0.88%"
"Jul 29, 2019","6.2516","6.3107","6.3149","6.2266","-0.91%"
"Jul 26, 2019","6.3088","6.3577","6.3656","6.2439","-0.73%"
"Jul 25, 2019","6.3551","6.3598","6.4350","6.2792","0.01%"
"Jul 24, 2019","6.3544","6.3765","6.3913","6.3424","-0.32%"
"Jul 23, 2019","6.3748","6.3639","6.3864","6.3364","0.22%"
"Jul 22, 2019","6.3605","6.3439","6.3896","6.3257","0.28%"
"Jul 19, 2019","6.3428","6.3355","6.3739","6.3133","0.21%"
"Jul 18, 2019","6.3293","6.3800","6.4224","6.3003","-0.72%"
"Jul 17, 2019","6.3753","6.4035","6.4135","6.3597","-0.40%"
"Jul 16, 2019","6.4012","6.4338","6.4492","6.3822","-0.44%"
"Jul 15, 2019","6.4295","6.4458","6.4661","6.4175","-0.05%"
"Jul 12, 2019","6.4325","6.3849","6.5009","6.3738","0.81%"
"Jul 11, 2019","6.3809","6.3839","6.4257","6.3657","0.04%"
"Jul 10, 2019","6.3784","6.4229","6.4641","6.3786","-0.64%"
"Jul 09, 2019","6.4196","6.4334","6.4494","6.3615","-0.18%"
"Jul 08, 2019","6.4309","6.3177","6.5058","6.3149","1.82%"
"Jul 05, 2019","6.3161","6.3142","6.3458","6.2905","0.06%"
"Jul 04, 2019","6.3126","6.3434","6.3521","6.2920","-0.34%"
"Jul 03, 2019","6.3344","6.3792","6.3972","6.3179","-0.61%"
"Jul 02, 2019","6.3732","6.3771","6.4405","6.3475","0.08%"
"Jul 01, 2019","6.3682","6.5859","6.5891","6.3679","-3.20%"
"Jun 28, 2019","6.5790","6.5625","6.5995","6.5370","0.29%"
"Jun 27, 2019","6.5597","6.5655","6.5928","6.5402","-0.03%"
"Jun 26, 2019","6.5615","6.5871","6.6082","6.5303","-0.34%"
"Jun 25, 2019","6.5842","6.6211","6.6502","6.5484","-0.52%"
"Jun 24, 2019","6.6188","6.6137","6.6406","6.4923","0.05%"
"Jun 21, 2019","6.6155","6.5091","6.6325","6.4950","1.72%"
"Jun 20, 2019","6.5036","6.5014","6.6767","6.4592","0.19%"
"Jun 19, 2019","6.4912","6.5231","6.6258","6.4957","-0.38%"
"Jun 18, 2019","6.5160","6.5886","6.6100","6.5074","-1.02%"
"Jun 17, 2019","6.5831","6.6192","6.6511","6.5637","-0.45%"
"Jun 14, 2019","6.6127","6.6208","6.6983","6.5824","0.05%"
"Jun 13, 2019","6.6093","6.5555","6.6607","6.5508","0.84%"
"Jun 12, 2019","6.5544","6.5663","6.6151","6.5282","-0.16%"
"Jun 11, 2019","6.5647","6.5324","6.6175","6.5061","0.51%"
"Jun 10, 2019","6.5312","6.6027","6.6294","6.5081","-1.13%"
"Jun 07, 2019","6.6060","6.5175","6.6247","6.5141","1.45%"
"Jun 06, 2019","6.5117","6.4356","6.5404","6.4134","1.29%"
"Jun 05, 2019","6.4285","6.5058","6.5255","6.3937","-1.05%"
"Jun 04, 2019","6.4970","6.5578","6.6062","6.4571","-0.84%"
"Jun 03, 2019","6.5521","6.5227","6.5905","6.5051","0.36%"
"May 31, 2019","6.5284","6.5440","6.5979","6.4815","-0.15%"
"May 30, 2019","6.5384","6.6923","6.7175","6.5203","-2.23%"
"May 29, 2019","6.6874","6.7319","6.7627","6.6843","-0.58%"
"May 28, 2019","6.7262","6.7896","6.8060","6.6968","-0.80%"
"May 27, 2019","6.7803","6.8122","6.8507","6.7508","-0.47%"
"May 24, 2019","6.8125","6.8170","6.8594","6.7642","-0.03%"
"May 23, 2019","6.8147","6.8023","6.8609","6.7897","0.32%"
"May 22, 2019","6.7927","6.7588","6.8314","6.7453","0.60%"
"May 21, 2019","6.7523","6.7327","6.7915","6.7020","0.45%"
"May 20, 2019","6.7219","6.7567","6.7856","6.6931","-0.50%"
"May 17, 2019","6.7557","6.7558","6.8122","6.7288","0.09%"
"May 16, 2019","6.7496","6.7220","6.7761","6.7145","0.49%"
"May 15, 2019","6.7170","6.7618","6.8275","6.7071","-0.55%"
"May 14, 2019","6.7539","6.8011","6.8710","6.7050","-0.62%"
"May 13, 2019","6.7958","6.7278","6.8922","6.6903","1.24%"
"May 10, 2019","6.7125","6.9496","6.9667","6.6916","-3.31%"
"May 09, 2019","6.9423","6.9204","7.0234","6.8864","0.32%"
"May 08, 2019","6.9200","6.8836","6.9418","6.8787","0.55%"
"May 07, 2019","6.8820","6.8103","6.9513","6.8011","1.09%"
"May 06, 2019","6.8080","6.6822","6.8908","6.6586","2.11%"
"May 03, 2019","6.6675","6.6679","6.6929","6.6378","0.04%"
"May 02, 2019","6.6648","6.6841","6.7025","6.6558","-0.17%"
"May 01, 2019","6.6761","6.6910","6.7080","6.6638","-0.16%"
"Apr 30, 2019","6.6865","6.6538","6.7032","6.6445","0.57%"
"Apr 29, 2019","6.6487","6.6220","6.6587","6.5981","0.45%"
"Apr 26, 2019","6.6188","6.5971","6.6535","6.5872","0.38%"
"Apr 25, 2019","6.5937","6.5571","6.6550","6.5416","0.72%"
"Apr 24, 2019","6.5468","6.5439","6.6020","6.5362","0.07%"
"Apr 23, 2019","6.5422","6.5600","6.5778","6.5318","-0.25%"
"Apr 22, 2019","6.5586","6.5345","6.5913","6.5297","0.37%"
"Apr 19, 2019","6.5342","6.5215","6.5648","6.4954","0.42%"
"Apr 18, 2019","6.5066","6.4830","6.5889","6.4793","0.43%"
"Apr 17, 2019","6.4790","6.5096","6.5455","6.4367","-0.39%"
"Apr 16, 2019","6.5043","6.5606","6.5903","6.4735","-0.81%"
"Apr 15, 2019","6.5577","6.5193","6.5890","6.5083","0.61%"
"Apr 12, 2019","6.5182","6.4584","6.5971","6.4475","1.04%"
"Apr 11, 2019","6.4510","6.4051","6.4939","6.3924","0.73%"
"Apr 10, 2019","6.4040","6.4113","6.4533","6.3712","-0.05%"
"Apr 09, 2019","6.4075","6.4138","6.4688","6.3467","0.03%"
"Apr 08, 2019","6.4056","6.3113","6.4723","6.3044","1.55%"
"Apr 05, 2019","6.3081","6.2767","6.3394","6.2419","0.61%"
"Apr 04, 2019","6.2698","6.3205","6.3691","6.2203","-0.73%"
"Apr 03, 2019","6.3159","6.2799","6.3706","6.2498","0.60%"
"Apr 02, 2019","6.2782","6.1537","6.3566","6.1377","2.08%"
"Apr 01, 2019","6.1501","6.2434","6.4214","6.0768","-1.04%"
"Mar 29, 2019","6.2148","6.2406","6.3813","6.2218","-0.19%"
"Mar 28, 2019","6.2265","5.9925","6.3537","5.9906","3.98%"
"Mar 27, 2019","5.9884","6.0037","6.1634","5.9407","-0.20%"
"Mar 26, 2019","6.0002","6.2790","6.3285","5.9731","-4.41%"
"Mar 25, 2019","6.2768","6.5215","6.5241","6.2724","-3.70%"
"Mar 22, 2019","6.5182","6.2161","6.6097","6.2018","4.95%"
"Mar 21, 2019","6.2105","6.1871","6.2319","6.1853","0.46%"
"Mar 20, 2019","6.1823","6.2163","6.2309","6.1768","-0.51%"
"Mar 19, 2019","6.2140","6.1994","6.2287","6.1937","0.29%"
"Mar 18, 2019","6.1961","6.1672","6.2122","6.1625","0.47%"
"Mar 15, 2019","6.1673","6.1803","6.2087","6.1617","-0.16%"
"Mar 14, 2019","6.1769","6.1802","6.2021","6.1724","0.01%"
"Mar 13, 2019","6.1764","6.1598","6.1971","6.1487","0.32%"
"Mar 12, 2019","6.1567","6.1259","6.1706","6.1056","0.54%"
"Mar 11, 2019","6.1234","6.1131","6.1405","6.0956","0.32%"
"Mar 08, 2019","6.1039","6.1284","6.1567","6.0880","-0.34%"
"Mar 07, 2019","6.1245","6.1361","6.1722","6.1003","-0.22%"
"Mar 06, 2019","6.1383","6.0915","6.1646","6.0573","0.77%"
"Mar 05, 2019","6.0916","6.0911","6.1217","6.0710","-0.09%"
"Mar 04, 2019","6.0971","6.1203","6.1335","6.0801","-0.27%"
"Mar 01, 2019","6.1139","6.0727","6.1562","6.0556","0.74%"
"Feb 28, 2019","6.0689","6.0424","6.0818","6.0313","0.46%"
"Feb 27, 2019","6.0414","6.0418","6.0591","6.0150","-0.11%"
"Feb 26, 2019","6.0482","6.0301","6.0566","6.0071","0.42%"
"Feb 25, 2019","6.0232","6.0317","6.0451","6.0034","-0.17%"
"Feb 22, 2019","6.0332","6.0324","6.0580","6.0117","0.02%"
"Feb 21, 2019","6.0321","6.0401","6.0647","6.0129","-0.07%"
"Feb 20, 2019","6.0366","5.9976","6.0662","5.9893","0.76%"
"Feb 19, 2019","5.9912","5.9985","6.0222","5.9706","-0.21%"
"Feb 18, 2019","6.0039","5.9623","6.0225","5.9549","0.85%"
"Feb 15, 2019","5.9535","5.9539","5.9848","5.9078","-0.04%"
"Feb 14, 2019","5.9561","5.9489","6.0015","5.9310","0.09%"
"Feb 13, 2019","5.9508","5.9454","5.9774","5.9197","0.05%"
"Feb 12, 2019","5.9477","5.9526","5.9674","5.9252","-0.06%"
"Feb 11, 2019","5.9515","5.9459","5.9713","5.9279","0.10%"
"Feb 08, 2019","5.9455","5.9729","5.9866","5.9272","-0.51%"
"Feb 07, 2019","5.9760","5.9257","6.0098","5.9154","0.82%"
"Feb 06, 2019","5.9273","5.9368","5.9691","5.9237","-0.11%"
"Feb 05, 2019","5.9338","5.9726","5.9844","5.9142","-0.60%"
"Feb 04, 2019","5.9694","5.9615","6.0024","5.9528","0.04%"
"Feb 01, 2019","5.9668","5.9089","6.0015","5.9050","0.93%"
"Jan 31, 2019","5.9118","5.9980","6.0303","5.9016","-1.43%"
"Jan 30, 2019","5.9977","6.0683","6.0921","5.9833","-1.19%"
"Jan 29, 2019","6.0701","6.0918","6.1360","6.0506","-0.30%"
"Jan 28, 2019","6.0882","5.8299","6.1105","5.8259","1.30%"
"Jan 25, 2019","6.0101","5.9492","6.0192","5.9358","0.96%"
"Jan 24, 2019","5.9527","6.0144","6.0376","5.9393","-1.05%"
"Jan 23, 2019","6.0160","6.0652","6.0901","6.0014","-0.84%"
"Jan 22, 2019","6.0667","6.0498","6.1006","6.0454","0.24%"
"Jan 21, 2019","6.0523","6.0595","6.0972","6.0415","-0.04%"
"Jan 18, 2019","6.0545","6.0910","6.1289","6.0391","-0.64%"
"Jan 17, 2019","6.0938","6.0808","6.1402","6.0736","0.18%"
"Jan 16, 2019","6.0831","6.2168","6.2263","6.0682","-2.14%"
"Jan 15, 2019","6.2162","6.2390","6.2833","6.1947","-0.52%"
"Jan 14, 2019","6.2485","6.2669","6.3720","6.2318","-0.13%"
"Jan 11, 2019","6.2564","6.2283","6.3341","6.2213","0.44%"
"Jan 10, 2019","6.2293","6.3213","6.3636","6.2152","-1.44%"
"Jan 09, 2019","6.3205","6.2758","6.3563","6.2458","0.78%"
"Jan 08, 2019","6.2714","6.1758","6.3114","6.1509","1.49%"
"Jan 07, 2019","6.1793","6.0810","6.2116","6.0659","1.72%"
"Jan 04, 2019","6.0748","6.2278","6.2473","6.0502","-2.47%"
"Jan 03, 2019","6.2284","6.1179","6.6257","6.1095","1.67%"
"Jan 02, 2019","6.1258","6.0773","6.1746","6.0460","0.95%"
"Jan 01, 2019","6.0682","6.0640","6.0875","6.0038","0.03%"
"Dec 31, 2018","6.0664","6.0336","6.0924","6.0062","0.55%"
"Dec 28, 2018","6.0334","6.0369","6.0752","6.0027","-0.13%"
"Dec 27, 2018","6.0413","5.9893","6.0590","5.9839","0.85%"
"Dec 26, 2018","5.9905","6.0183","6.0621","5.9828","-0.71%"
"Dec 25, 2018","6.0336","6.0450","6.1151","6.0225","0.07%"
"Dec 24, 2018","6.0293","6.0488","6.0651","6.0079","-0.31%"
"Dec 21, 2018","6.0480","6.0162","6.0723","5.9939","0.36%"
"Dec 20, 2018","6.0262","6.0214","6.0712","5.9967","0.20%"
"Dec 19, 2018","6.0139","6.0756","6.1023","5.9442","-0.96%"
"Dec 18, 2018","6.0721","6.0946","6.1186","6.0620","-0.35%"
"Dec 17, 2018","6.0933","6.0658","6.1155","6.0537","0.45%"
"Dec 14, 2018","6.0659","6.0617","6.1257","6.0484","-0.02%"
"Dec 13, 2018","6.0672","6.0789","6.1378","6.0279","-0.21%"
"Dec 12, 2018","6.0800","6.0768","6.1229","6.0556","0.13%"
"Dec 11, 2018","6.0719","6.0428","6.1525","6.0283","0.38%"
"Dec 10, 2018","6.0492","6.0503","6.0964","6.0132","0.26%"
"Dec 07, 2018","6.0336","6.0696","6.0853","5.9808","-0.65%"
"Dec 06, 2018","6.0729","6.0469","6.1312","6.0335","0.51%"
"Dec 05, 2018","6.0420","6.1049","6.1794","6.0216","-1.15%"
"Dec 04, 2018","6.1126","5.9609","6.2143","5.9419","2.54%"
"Dec 03, 2018","5.9610","5.9072","6.0042","5.8451","1.04%"
"Nov 30, 2018","5.8994","5.8719","5.9516","5.8460","0.29%"
"Nov 29, 2018","5.8823","5.9409","5.9580","5.8323","-0.90%"
"Nov 28, 2018","5.9355","5.9551","5.9672","5.9111","-0.26%"
"Nov 27, 2018","5.9508","5.9475","5.9901","5.9040","0.10%"
"Nov 26, 2018","5.9446","5.9976","6.0139","5.9176","-0.87%"
"Nov 23, 2018","5.9968","6.0290","6.0648","5.9634","-0.74%"
"Nov 22, 2018","6.0416","6.0496","6.1010","6.0164","-0.03%"
"Nov 21, 2018","6.0432","6.1182","6.1456","6.0160","-1.17%"
"Nov 20, 2018","6.1148","6.0729","6.1958","6.0682","0.60%"
"Nov 19, 2018","6.0786","6.0979","6.1299","6.0454","-0.17%"
"Nov 16, 2018","6.0889","6.0594","6.1120","6.0282","0.51%"
"Nov 15, 2018","6.0583","6.1711","6.2014","6.0060","-1.94%"
"Nov 14, 2018","6.1780","6.1905","6.2306","6.1433","-0.11%"
"Nov 13, 2018","6.1848","6.1272","6.2172","6.1178","0.82%"
"Nov 12, 2018","6.1346","6.1954","6.2309","6.1120","-0.90%"
"Nov 09, 2018","6.1902","6.2034","6.2847","6.1602","-0.25%"
"Nov 08, 2018","6.2055","6.1254","6.2668","6.1224","1.30%"
"Nov 07, 2018","6.1258","6.1277","6.2146","6.1113","0.08%"
"Nov 06, 2018","6.1209","6.0606","6.1882","6.0450","1.00%"
"Nov 05, 2018","6.0605","6.1883","6.2368","6.0496","-1.98%"
"Nov 02, 2018","6.1827","6.2841","6.3048","6.1580","-1.69%"
"Nov 01, 2018","6.2892","6.3170","6.4215","6.2741","-0.42%"
"Oct 31, 2018","6.3159","6.2073","6.3784","6.1933","1.69%"
"Oct 30, 2018","6.2107","6.3263","6.3355","6.1962","-1.80%"
"Oct 29, 2018","6.3243","6.3841","6.3905","6.2847","-0.86%"
"Oct 26, 2018","6.3793","6.4022","6.4330","6.3311","-0.47%"
"Oct 25, 2018","6.4096","6.4999","6.5541","6.3835","-1.33%"
"Oct 24, 2018","6.4961","6.5675","6.6258","6.4422","-1.13%"
"Oct 23, 2018","6.5705","6.4972","6.7345","6.4848","1.09%"
"Oct 22, 2018","6.4994","6.4968","6.5322","6.4831","0.04%"
"Oct 19, 2018","6.4971","6.4604","6.5490","6.3978","0.54%"
"Oct 18, 2018","6.4623","6.4165","6.5441","6.3418","0.64%"
"Oct 17, 2018","6.4211","6.5766","6.6062","6.3735","-2.43%"
"Oct 16, 2018","6.5808","6.7011","6.7290","6.5560","-1.79%"
"Oct 15, 2018","6.7005","6.7896","6.8232","6.6566","-1.32%"
"Oct 12, 2018","6.7900","6.8692","6.9432","6.7211","-1.17%"
"Oct 11, 2018","6.8704","6.9947","7.0306","6.8328","-1.85%"
"Oct 10, 2018","6.9996","7.0149","7.0503","6.9004","-0.15%"
"Oct 09, 2018","7.0104","7.0171","7.0522","6.9619","-0.17%"
"Oct 08, 2018","7.0224","7.0698","7.1239","6.9962","-0.65%"
"Oct 05, 2018","7.0680","7.0901","7.1472","6.9969","-0.40%"
"Oct 04, 2018","7.0961","6.9307","7.1668","6.9249","2.26%"
"Oct 03, 2018","6.9394","6.8976","7.0557","6.8797","0.41%"
"Oct 02, 2018","6.9111","6.8722","6.9786","6.8327","0.50%"
"Oct 01, 2018","6.8768","7.0386","7.0551","6.8279","-2.18%"
"Sep 28, 2018","7.0304","6.9897","7.0784","6.8915","0.50%"
"Sep 27, 2018","6.9954","7.1577","7.1922","6.9390","-2.44%"
"Sep 26, 2018","7.1707","7.2500","7.2985","7.1120","-1.14%"
"Sep 25, 2018","7.2537","7.2033","7.3355","7.0959","0.36%"
"Sep 24, 2018","7.2279","7.3357","7.4353","7.0987","-2.26%"
"Sep 21, 2018","7.3951","7.2811","7.4206","7.2782","1.29%"
"Sep 20, 2018","7.3008","7.2894","7.4731","7.1389","0.08%"
"Sep 19, 2018","7.2949","7.4521","7.5016","7.2467","-2.08%"
"Sep 18, 2018","7.4500","7.3789","7.5528","7.3480","0.98%"
"Sep 17, 2018","7.3774","7.1699","7.3960","7.1332","2.80%"
"Sep 14, 2018","7.1764","7.0930","7.2204","7.0029","0.95%"
"Sep 13, 2018","7.1090","7.3732","7.6283","6.9774","-3.62%"
"Sep 12, 2018","7.3762","7.4660","7.5110","7.3191","-1.17%"
"Sep 11, 2018","7.4634","7.4920","7.5427","7.4338","-0.38%"
"Sep 10, 2018","7.4916","7.3652","7.5310","7.3628","1.18%"
"Sep 07, 2018","7.4039","7.6337","7.6871","7.3418","-3.22%"
"Sep 06, 2018","7.6504","7.6745","7.7378","7.5971","-0.38%"
"Sep 05, 2018","7.6799","7.7347","7.7790","7.6324","-0.60%"
"Sep 04, 2018","7.7264","7.6951","7.7754","7.6198","0.19%"
"Sep 03, 2018","7.7114","7.5912","7.8116","7.5409","1.65%"
"Aug 31, 2018","7.5861","7.7774","7.9478","7.4483","-2.28%"
"Aug 30, 2018","7.7631","7.5583","7.9877","7.4946","2.40%"
"Aug 29, 2018","7.5811","7.3383","7.6236","7.2982","3.34%"
"Aug 28, 2018","7.3363","7.1775","7.3987","7.1349","2.62%"
"Aug 27, 2018","7.1489","6.9854","7.3155","6.9289","2.40%"
"Aug 24, 2018","6.9811","7.0261","7.0952","6.9512","-1.23%"
"Aug 23, 2018","7.0677","7.0344","7.1566","6.9676","0.71%"
"Aug 22, 2018","7.0176","7.0260","7.0925","6.9664","-0.18%"
"Aug 21, 2018","7.0302","6.9850","7.1155","6.9364","0.71%"
"Aug 20, 2018","6.9806","6.9126","7.1124","6.8251","1.49%"
"Aug 17, 2018","6.8782","6.6209","7.2142","6.5134","3.75%"
"Aug 16, 2018","6.6294","6.7713","6.8554","6.4553","-2.45%"
"Aug 15, 2018","6.7962","7.1921","7.4713","6.6424","-5.72%"
"Aug 14, 2018","7.2084","7.8577","7.9420","7.1215","-8.21%"
"Aug 13, 2018","7.8533","7.3471","8.2370","7.3296","7.07%"
"Aug 10, 2018","7.3344","6.3887","7.7665","6.3751","14.73%"
"Aug 09, 2018","6.3925","6.1288","6.4390","6.1269","4.27%"
"Aug 08, 2018","6.1306","6.0864","6.1581","6.0526","0.78%"
"Aug 07, 2018","6.0829","6.1593","6.2066","5.9856","-1.22%"
"Aug 06, 2018","6.1582","5.8777","6.2690","5.8761","4.77%"
"Aug 03, 2018","5.8780","5.8671","5.9273","5.8546","0.16%"
"Aug 02, 2018","5.8685","5.8219","5.9206","5.7767","0.76%"
"Aug 01, 2018","5.8243","5.7455","5.8539","5.7345","1.37%"
"Jul 31, 2018","5.7454","5.7179","5.7758","5.7115","0.52%"
"Jul 30, 2018","5.7157","5.6513","5.7373","5.6447","1.03%"
"Jul 27, 2018","5.6573","5.6629","5.6783","5.6275","-0.12%"
"Jul 26, 2018","5.6640","5.5919","5.6956","5.5901","1.18%"
"Jul 25, 2018","5.5978","5.7118","5.7181","5.5978","-1.96%"
"Jul 24, 2018","5.7099","5.5438","5.7838","5.5295","3.04%"
"Jul 23, 2018","5.5414","5.6253","5.6297","5.5337","-1.35%"
"Jul 20, 2018","5.6170","5.5918","5.6330","5.5739","0.37%"
"Jul 19, 2018","5.5964","5.5842","5.6273","5.5671","0.27%"
"Jul 18, 2018","5.5811","5.6051","5.6254","5.5418","-0.41%"
"Jul 17, 2018","5.6043","5.6765","5.6958","5.5792","-1.25%"
"Jul 16, 2018","5.6750","5.6528","5.7028","5.6380","0.03%"
"Jul 13, 2018","5.6735","5.6658","5.6941","5.6039","0.11%"
"Jul 12, 2018","5.6672","5.6922","5.8052","5.5831","-0.41%"
"Jul 11, 2018","5.6905","5.5268","5.6991","5.5086","2.93%"
"Jul 10, 2018","5.5287","5.5695","5.5935","5.4535","-0.61%"
"Jul 09, 2018","5.5627","5.3659","5.5798","5.3031","3.61%"
"Jul 06, 2018","5.3689","5.3703","5.4108","5.3624","-0.00%"
"Jul 05, 2018","5.3690","5.4429","5.4763","5.3557","-1.30%"
"Jul 04, 2018","5.4398","5.4422","5.5049","5.4295","-0.08%"
"Jul 03, 2018","5.4444","5.3716","5.4648","5.3613","1.33%"
"Jul 02, 2018","5.3729","5.3485","5.4058","5.3397","0.24%"
"Jun 29, 2018","5.3601","5.3021","5.3853","5.2884","1.04%"
"Jun 28, 2018","5.3048","5.3411","5.3678","5.2904","-0.67%"
"Jun 27, 2018","5.3406","5.3755","5.4245","5.3268","-0.66%"
"Jun 26, 2018","5.3759","5.4784","5.5180","5.3634","-1.88%"